{"SyR1Oo0tYZulN1zyKj9ZEA==":"tvsharemax2-1-924x924.png","dt71uleWOZrefFaXzqHyiA==":"anytvandmonitor-1-1000x1000.jpeg","pa5Dkwo/T1qgW/t0h+fQvA==":"background5.jpg","6NltGuaAXRy4UgD0sm8PDA==":"tvsharemax11-700x700.jpg","yKyuFVwik4dyURHhjWFZeQ==":"channels.jpeg","OvqN2VFcIJMWb/v3z2JGKg==":"tvsharemaxaccessories-946x946.jpeg","UFnZbmZPY9hocGH8KT7i/w==":"tvsharemaxaccessories-936x936.jpeg","mIIbxW0r7dEZSbMPwcoYdg==":"background2.jpg","q0Gpwz0zGw1D/pg6MT/asQ==":"background8.jpg","fQ2oEZGBjc7C9iYOXn1pSw==":"face3.jpg","iufiUClvD7msckBl1hIkUQ==":"face1.jpg","5BU6GMsjztFTvoTJ4r0FmQ==":"mbr-1920x1280.jpg","sT80Y4RCGNBrSInGgrjIuA==":"background3.jpg","nOJ4buCBY3s0MnxU9nafKw==":"tvsharema14-510x485.jpg","A1xsui+Tci2MTB+ne3wL3A==":"tvsharemax12-510x510.jpg","OM6hTwqMAQpTVhLcPG86xg==":"background1.jpg","UAc7kepzJPkrSn4uqTRvmw==":"background4.jpg","mQD11jK0gsxI2vC3DeSb9g==":"tvsharemax13-510x508.jpg","ETgZbADUGpvg2GKJIISS8g==":"tvsharemax2-510x510.jpg","xufVN3Ft/e76BaUrDfZ7dg==":"mbr.png","hSHzXtXwwj+rxMBaWVGTRw==":"mbr-94x53.png","vMBIaNMWrMJe2qb6TCAc4A==":"mbr-232x230.png"}